act1,act2,act3,act_output,opt,min_loss
relu,relu,relu,relu,RMSprop,345911616.0
relu,relu,relu,relu,adam,343830272.0
relu,relu,relu,relu,SGD,1159363473440768.0
relu,relu,relu,relu,Adadelta,343830272.0
relu,relu,relu,tanh,RMSprop,343801024.0
relu,relu,relu,tanh,adam,343794496.0
relu,relu,relu,tanh,SGD,343794464.0
relu,relu,relu,tanh,Adadelta,343866112.0
relu,relu,relu,softmax,RMSprop,343794464.0
relu,relu,relu,softmax,adam,343794464.0
relu,relu,relu,softmax,SGD,343794464.0
relu,relu,relu,softmax,Adadelta,343794464.0
relu,relu,relu,linear,RMSprop,3323459584.0
relu,relu,relu,linear,adam,4910490624.0
relu,relu,relu,linear,SGD,inf
relu,relu,relu,linear,Adadelta,162024252243968.0
relu,relu,relu,sigmoid,RMSprop,343794496.0
relu,relu,relu,sigmoid,adam,343794464.0
relu,relu,relu,sigmoid,SGD,343794496.0
relu,relu,relu,sigmoid,Adadelta,343794496.0
relu,relu,linear,relu,RMSprop,343830272.0
relu,relu,linear,relu,adam,343830272.0
relu,relu,linear,relu,SGD,343830272.0
relu,relu,linear,relu,Adadelta,343830304.0
relu,relu,linear,tanh,RMSprop,343866112.0
relu,relu,linear,tanh,adam,343794496.0
relu,relu,linear,tanh,SGD,343866112.0
relu,relu,linear,tanh,Adadelta,343866112.0
relu,relu,linear,softmax,RMSprop,343794464.0
relu,relu,linear,softmax,adam,343794464.0
relu,relu,linear,softmax,SGD,343794432.0
relu,relu,linear,softmax,Adadelta,343794496.0
relu,relu,linear,linear,RMSprop,1230200373248.0
relu,relu,linear,linear,adam,13141718016.0
relu,relu,linear,linear,SGD,
relu,relu,linear,linear,Adadelta,256850587025408.0
relu,relu,linear,sigmoid,RMSprop,343830272.0
relu,relu,linear,sigmoid,adam,343830272.0
relu,relu,linear,sigmoid,SGD,343794464.0
relu,relu,linear,sigmoid,Adadelta,343794496.0
relu,relu,sigmoid,relu,RMSprop,343830272.0
relu,relu,sigmoid,relu,adam,343830272.0
relu,relu,sigmoid,relu,SGD,343830304.0
relu,relu,sigmoid,relu,Adadelta,343830272.0
relu,relu,sigmoid,tanh,RMSprop,343794528.0
relu,relu,sigmoid,tanh,adam,343795008.0
relu,relu,sigmoid,tanh,SGD,343794496.0
relu,relu,sigmoid,tanh,Adadelta,343799392.0
relu,relu,sigmoid,softmax,RMSprop,343794464.0
relu,relu,sigmoid,softmax,adam,343794464.0
relu,relu,sigmoid,softmax,SGD,343794496.0
relu,relu,sigmoid,softmax,Adadelta,343794496.0
relu,relu,sigmoid,linear,RMSprop,343593152.0
relu,relu,sigmoid,linear,adam,343507776.0
relu,relu,sigmoid,linear,SGD,22979298.0
relu,relu,sigmoid,linear,Adadelta,343859008.0
relu,relu,sigmoid,sigmoid,RMSprop,343794624.0
relu,relu,sigmoid,sigmoid,adam,343794848.0
relu,relu,sigmoid,sigmoid,SGD,343794464.0
relu,relu,sigmoid,sigmoid,Adadelta,343805888.0
relu,linear,relu,relu,RMSprop,343830272.0
relu,linear,relu,relu,adam,343830272.0
relu,linear,relu,relu,SGD,
relu,linear,relu,relu,Adadelta,343830272.0
relu,linear,relu,tanh,RMSprop,343866112.0
relu,linear,relu,tanh,adam,343794496.0
relu,linear,relu,tanh,SGD,343794464.0
relu,linear,relu,tanh,Adadelta,343794496.0
relu,linear,relu,softmax,RMSprop,343794496.0
relu,linear,relu,softmax,adam,343794464.0
relu,linear,relu,softmax,SGD,343794496.0
relu,linear,relu,softmax,Adadelta,343794464.0
relu,linear,relu,linear,RMSprop,27488407552.0
relu,linear,relu,linear,adam,66407411712.0
relu,linear,relu,linear,SGD,
relu,linear,relu,linear,Adadelta,181239919149056.0
relu,linear,relu,sigmoid,RMSprop,343794464.0
relu,linear,relu,sigmoid,adam,343794464.0
relu,linear,relu,sigmoid,SGD,343830272.0
relu,linear,relu,sigmoid,Adadelta,343794464.0
relu,linear,linear,relu,RMSprop,343830272.0
relu,linear,linear,relu,adam,343830272.0
relu,linear,linear,relu,SGD,
relu,linear,linear,relu,Adadelta,1211479009263616.0
relu,linear,linear,tanh,RMSprop,343794496.0
relu,linear,linear,tanh,adam,343794464.0
relu,linear,linear,tanh,SGD,343866112.0
relu,linear,linear,tanh,Adadelta,343794464.0
relu,linear,linear,softmax,RMSprop,343794496.0
relu,linear,linear,softmax,adam,343794464.0
relu,linear,linear,softmax,SGD,343794464.0
relu,linear,linear,softmax,Adadelta,343794496.0
relu,linear,linear,linear,RMSprop,140347277312.0
relu,linear,linear,linear,adam,19397921996800.0
relu,linear,linear,linear,SGD,
relu,linear,linear,linear,Adadelta,154443601412096.0
relu,linear,linear,sigmoid,RMSprop,343794464.0
relu,linear,linear,sigmoid,adam,343830272.0
relu,linear,linear,sigmoid,SGD,343830272.0
relu,linear,linear,sigmoid,Adadelta,343830272.0
relu,linear,sigmoid,relu,RMSprop,343545472.0
relu,linear,sigmoid,relu,adam,343830272.0
relu,linear,sigmoid,relu,SGD,343830272.0
relu,linear,sigmoid,relu,Adadelta,343830272.0
relu,linear,sigmoid,tanh,RMSprop,343794528.0
relu,linear,sigmoid,tanh,adam,343794752.0
relu,linear,sigmoid,tanh,SGD,343794496.0
relu,linear,sigmoid,tanh,Adadelta,343805632.0
relu,linear,sigmoid,softmax,RMSprop,343794464.0
relu,linear,sigmoid,softmax,adam,343794496.0
relu,linear,sigmoid,softmax,SGD,343794496.0
relu,linear,sigmoid,softmax,Adadelta,343794432.0
relu,linear,sigmoid,linear,RMSprop,343588416.0
relu,linear,sigmoid,linear,adam,343633088.0
relu,linear,sigmoid,linear,SGD,22972730.0
relu,linear,sigmoid,linear,Adadelta,343840128.0
relu,linear,sigmoid,sigmoid,RMSprop,343794624.0
relu,linear,sigmoid,sigmoid,adam,343795520.0
relu,linear,sigmoid,sigmoid,SGD,343794464.0
relu,linear,sigmoid,sigmoid,Adadelta,343809984.0
relu,sigmoid,relu,relu,RMSprop,343830272.0
relu,sigmoid,relu,relu,adam,343830272.0
relu,sigmoid,relu,relu,SGD,343830272.0
relu,sigmoid,relu,relu,Adadelta,343820704.0
relu,sigmoid,relu,tanh,RMSprop,343794464.0
relu,sigmoid,relu,tanh,adam,343794784.0
relu,sigmoid,relu,tanh,SGD,343794464.0
relu,sigmoid,relu,tanh,Adadelta,343822048.0
relu,sigmoid,relu,softmax,RMSprop,343794496.0
relu,sigmoid,relu,softmax,adam,343794464.0
relu,sigmoid,relu,softmax,SGD,343794464.0
relu,sigmoid,relu,softmax,Adadelta,343794464.0
relu,sigmoid,relu,linear,RMSprop,343219392.0
relu,sigmoid,relu,linear,adam,342378496.0
relu,sigmoid,relu,linear,SGD,25568132.0
relu,sigmoid,relu,linear,Adadelta,343804608.0
relu,sigmoid,relu,sigmoid,RMSprop,343794496.0
relu,sigmoid,relu,sigmoid,adam,343794688.0
relu,sigmoid,relu,sigmoid,SGD,343794464.0
relu,sigmoid,relu,sigmoid,Adadelta,343818304.0
relu,sigmoid,linear,relu,RMSprop,340668800.0
relu,sigmoid,linear,relu,adam,343830272.0
relu,sigmoid,linear,relu,SGD,1307284602880.0
relu,sigmoid,linear,relu,Adadelta,343790464.0
relu,sigmoid,linear,tanh,RMSprop,343794464.0
relu,sigmoid,linear,tanh,adam,343794528.0
relu,sigmoid,linear,tanh,SGD,343841952.0
relu,sigmoid,linear,tanh,Adadelta,343837568.0
relu,sigmoid,linear,softmax,RMSprop,343794464.0
relu,sigmoid,linear,softmax,adam,343794496.0
relu,sigmoid,linear,softmax,SGD,343794496.0
relu,sigmoid,linear,softmax,Adadelta,343794464.0
relu,sigmoid,linear,linear,RMSprop,340574016.0
relu,sigmoid,linear,linear,adam,340007936.0
relu,sigmoid,linear,linear,SGD,31829848064.0
relu,sigmoid,linear,linear,Adadelta,343791872.0
relu,sigmoid,linear,sigmoid,RMSprop,343794464.0
relu,sigmoid,linear,sigmoid,adam,343794592.0
relu,sigmoid,linear,sigmoid,SGD,343823904.0
relu,sigmoid,linear,sigmoid,Adadelta,343820480.0
relu,sigmoid,sigmoid,relu,RMSprop,343830272.0
relu,sigmoid,sigmoid,relu,adam,343830272.0
relu,sigmoid,sigmoid,relu,SGD,23038548.0
relu,sigmoid,sigmoid,relu,Adadelta,343830272.0
relu,sigmoid,sigmoid,tanh,RMSprop,343794464.0
relu,sigmoid,sigmoid,tanh,adam,343794752.0
relu,sigmoid,sigmoid,tanh,SGD,343794496.0
relu,sigmoid,sigmoid,tanh,Adadelta,343831744.0
relu,sigmoid,sigmoid,softmax,RMSprop,343794496.0
relu,sigmoid,sigmoid,softmax,adam,343794464.0
relu,sigmoid,sigmoid,softmax,SGD,343794464.0
relu,sigmoid,sigmoid,softmax,Adadelta,343794464.0
relu,sigmoid,sigmoid,linear,RMSprop,343421760.0
relu,sigmoid,sigmoid,linear,adam,343450016.0
relu,sigmoid,sigmoid,linear,SGD,23003548.0
relu,sigmoid,sigmoid,linear,Adadelta,343849184.0
relu,sigmoid,sigmoid,sigmoid,RMSprop,343794528.0
relu,sigmoid,sigmoid,sigmoid,adam,343794752.0
relu,sigmoid,sigmoid,sigmoid,SGD,343794464.0
relu,sigmoid,sigmoid,sigmoid,Adadelta,343802048.0
linear,relu,relu,relu,RMSprop,343830272.0
linear,relu,relu,relu,adam,343830272.0
linear,relu,relu,relu,SGD,6020194107392.0
linear,relu,relu,relu,Adadelta,343830272.0
linear,relu,relu,tanh,RMSprop,343794464.0
linear,relu,relu,tanh,adam,343866112.0
linear,relu,relu,tanh,SGD,343866112.0
linear,relu,relu,tanh,Adadelta,343794496.0
linear,relu,relu,softmax,RMSprop,343794464.0
linear,relu,relu,softmax,adam,343794464.0
linear,relu,relu,softmax,SGD,343794464.0
linear,relu,relu,softmax,Adadelta,343794464.0
linear,relu,relu,linear,RMSprop,36499681280.0
linear,relu,relu,linear,adam,40017489920.0
linear,relu,relu,linear,SGD,inf
linear,relu,relu,linear,Adadelta,352795295744.0
linear,relu,relu,sigmoid,RMSprop,343830272.0
linear,relu,relu,sigmoid,adam,343794496.0
linear,relu,relu,sigmoid,SGD,343830272.0
linear,relu,relu,sigmoid,Adadelta,343794496.0
linear,relu,linear,relu,RMSprop,374379456.0
linear,relu,linear,relu,adam,343830272.0
linear,relu,linear,relu,SGD,
linear,relu,linear,relu,Adadelta,3364674426896384.0
linear,relu,linear,tanh,RMSprop,343794464.0
linear,relu,linear,tanh,adam,343866112.0
linear,relu,linear,tanh,SGD,343866112.0
linear,relu,linear,tanh,Adadelta,343794464.0
linear,relu,linear,softmax,RMSprop,343794464.0
linear,relu,linear,softmax,adam,343794496.0
linear,relu,linear,softmax,SGD,343794432.0
linear,relu,linear,softmax,Adadelta,343794496.0
linear,relu,linear,linear,RMSprop,394255400960.0
linear,relu,linear,linear,adam,328760229888.0
linear,relu,linear,linear,SGD,
linear,relu,linear,linear,Adadelta,236431507456.0
linear,relu,linear,sigmoid,RMSprop,343830272.0
linear,relu,linear,sigmoid,adam,343794464.0
linear,relu,linear,sigmoid,SGD,343794464.0
linear,relu,linear,sigmoid,Adadelta,343830272.0
linear,relu,sigmoid,relu,RMSprop,343599552.0
linear,relu,sigmoid,relu,adam,343830272.0
linear,relu,sigmoid,relu,SGD,20922666.0
linear,relu,sigmoid,relu,Adadelta,343782560.0
linear,relu,sigmoid,tanh,RMSprop,343794496.0
linear,relu,sigmoid,tanh,adam,343795008.0
linear,relu,sigmoid,tanh,SGD,343794464.0
linear,relu,sigmoid,tanh,Adadelta,343812256.0
linear,relu,sigmoid,softmax,RMSprop,343794464.0
linear,relu,sigmoid,softmax,adam,343794464.0
linear,relu,sigmoid,softmax,SGD,343794464.0
linear,relu,sigmoid,softmax,Adadelta,343794464.0
linear,relu,sigmoid,linear,RMSprop,343595936.0
linear,relu,sigmoid,linear,adam,343556608.0
linear,relu,sigmoid,linear,SGD,14940805.0
linear,relu,sigmoid,linear,Adadelta,343813344.0
linear,relu,sigmoid,sigmoid,RMSprop,343794688.0
linear,relu,sigmoid,sigmoid,adam,343795872.0
linear,relu,sigmoid,sigmoid,SGD,343794464.0
linear,relu,sigmoid,sigmoid,Adadelta,343807232.0
linear,linear,relu,relu,RMSprop,2481052416.0
linear,linear,relu,relu,adam,343830272.0
linear,linear,relu,relu,SGD,343830272.0
linear,linear,relu,relu,Adadelta,274159221342208.0
linear,linear,relu,tanh,RMSprop,343794464.0
linear,linear,relu,tanh,adam,343866112.0
linear,linear,relu,tanh,SGD,343866112.0
linear,linear,relu,tanh,Adadelta,343794496.0
linear,linear,relu,softmax,RMSprop,343794464.0
linear,linear,relu,softmax,adam,343794464.0
linear,linear,relu,softmax,SGD,343794496.0
linear,linear,relu,softmax,Adadelta,343794464.0
linear,linear,relu,linear,RMSprop,158638587904.0
linear,linear,relu,linear,adam,2449436835840.0
linear,linear,relu,linear,SGD,
linear,linear,relu,linear,Adadelta,5649275174256640.0
linear,linear,relu,sigmoid,RMSprop,343794496.0
linear,linear,relu,sigmoid,adam,343794464.0
linear,linear,relu,sigmoid,SGD,343794496.0
linear,linear,relu,sigmoid,Adadelta,343794464.0
linear,linear,linear,relu,RMSprop,413696608.0
linear,linear,linear,relu,adam,343830272.0
linear,linear,linear,relu,SGD,
linear,linear,linear,relu,Adadelta,30341830017024.0
linear,linear,linear,tanh,RMSprop,343866112.0
linear,linear,linear,tanh,adam,343866112.0
linear,linear,linear,tanh,SGD,343866112.0
linear,linear,linear,tanh,Adadelta,343866112.0
linear,linear,linear,softmax,RMSprop,343794432.0
linear,linear,linear,softmax,adam,343794464.0
linear,linear,linear,softmax,SGD,343794464.0
linear,linear,linear,softmax,Adadelta,343794464.0
linear,linear,linear,linear,RMSprop,74848403456.0
linear,linear,linear,linear,adam,2657395146752.0
linear,linear,linear,linear,SGD,
linear,linear,linear,linear,Adadelta,456862113726464.0
linear,linear,linear,sigmoid,RMSprop,343830272.0
linear,linear,linear,sigmoid,adam,343794464.0
linear,linear,linear,sigmoid,SGD,343794464.0
linear,linear,linear,sigmoid,Adadelta,343830272.0
linear,linear,sigmoid,relu,RMSprop,343567904.0
linear,linear,sigmoid,relu,adam,343830272.0
linear,linear,sigmoid,relu,SGD,343830272.0
linear,linear,sigmoid,relu,Adadelta,343830272.0
linear,linear,sigmoid,tanh,RMSprop,343794496.0
linear,linear,sigmoid,tanh,adam,343795296.0
linear,linear,sigmoid,tanh,SGD,343794464.0
linear,linear,sigmoid,tanh,Adadelta,343864288.0
linear,linear,sigmoid,softmax,RMSprop,343794464.0
linear,linear,sigmoid,softmax,adam,343794464.0
linear,linear,sigmoid,softmax,SGD,343794496.0
linear,linear,sigmoid,softmax,Adadelta,343794464.0
linear,linear,sigmoid,linear,RMSprop,343551936.0
linear,linear,sigmoid,linear,adam,343557664.0
linear,linear,sigmoid,linear,SGD,23004392.0
linear,linear,sigmoid,linear,Adadelta,343866176.0
linear,linear,sigmoid,sigmoid,RMSprop,343794752.0
linear,linear,sigmoid,sigmoid,adam,343796288.0
linear,linear,sigmoid,sigmoid,SGD,343794464.0
linear,linear,sigmoid,sigmoid,Adadelta,343824704.0
linear,sigmoid,relu,relu,RMSprop,342871776.0
linear,sigmoid,relu,relu,adam,342618752.0
linear,sigmoid,relu,relu,SGD,343830272.0
linear,sigmoid,relu,relu,Adadelta,343830272.0
linear,sigmoid,relu,tanh,RMSprop,343794464.0
linear,sigmoid,relu,tanh,adam,343794624.0
linear,sigmoid,relu,tanh,SGD,343794464.0
linear,sigmoid,relu,tanh,Adadelta,343824704.0
linear,sigmoid,relu,softmax,RMSprop,343794464.0
linear,sigmoid,relu,softmax,adam,343794496.0
linear,sigmoid,relu,softmax,SGD,343794464.0
linear,sigmoid,relu,softmax,Adadelta,343794464.0
linear,sigmoid,relu,linear,RMSprop,343188416.0
linear,sigmoid,relu,linear,adam,342128608.0
linear,sigmoid,relu,linear,SGD,25534180.0
linear,sigmoid,relu,linear,Adadelta,343808576.0
linear,sigmoid,relu,sigmoid,RMSprop,343794496.0
linear,sigmoid,relu,sigmoid,adam,343794592.0
linear,sigmoid,relu,sigmoid,SGD,343794496.0
linear,sigmoid,relu,sigmoid,Adadelta,343813920.0
linear,sigmoid,linear,relu,RMSprop,340432640.0
linear,sigmoid,linear,relu,adam,339810016.0
linear,sigmoid,linear,relu,SGD,58740256768.0
linear,sigmoid,linear,relu,Adadelta,343830272.0
linear,sigmoid,linear,tanh,RMSprop,343794464.0
linear,sigmoid,linear,tanh,adam,343794464.0
linear,sigmoid,linear,tanh,SGD,343794464.0
linear,sigmoid,linear,tanh,Adadelta,343847744.0
linear,sigmoid,linear,softmax,RMSprop,343794464.0
linear,sigmoid,linear,softmax,adam,343794464.0
linear,sigmoid,linear,softmax,SGD,343794496.0
linear,sigmoid,linear,softmax,Adadelta,343794496.0
linear,sigmoid,linear,linear,RMSprop,340619328.0
linear,sigmoid,linear,linear,adam,338744224.0
linear,sigmoid,linear,linear,SGD,368382181376.0
linear,sigmoid,linear,linear,Adadelta,343863968.0
linear,sigmoid,linear,sigmoid,RMSprop,343794464.0
linear,sigmoid,linear,sigmoid,adam,343794592.0
linear,sigmoid,linear,sigmoid,SGD,343818656.0
linear,sigmoid,linear,sigmoid,Adadelta,343816992.0
linear,sigmoid,sigmoid,relu,RMSprop,343830272.0
linear,sigmoid,sigmoid,relu,adam,343307200.0
linear,sigmoid,sigmoid,relu,SGD,343830304.0
linear,sigmoid,sigmoid,relu,Adadelta,343824288.0
linear,sigmoid,sigmoid,tanh,RMSprop,343794496.0
linear,sigmoid,sigmoid,tanh,adam,343794752.0
linear,sigmoid,sigmoid,tanh,SGD,343794496.0
linear,sigmoid,sigmoid,tanh,Adadelta,343839072.0
linear,sigmoid,sigmoid,softmax,RMSprop,343794464.0
linear,sigmoid,sigmoid,softmax,adam,343794464.0
linear,sigmoid,sigmoid,softmax,SGD,343794464.0
linear,sigmoid,sigmoid,softmax,Adadelta,343794496.0
linear,sigmoid,sigmoid,linear,RMSprop,343371968.0
linear,sigmoid,sigmoid,linear,adam,343379776.0
linear,sigmoid,sigmoid,linear,SGD,22977570.0
linear,sigmoid,sigmoid,linear,Adadelta,343839040.0
linear,sigmoid,sigmoid,sigmoid,RMSprop,343794528.0
linear,sigmoid,sigmoid,sigmoid,adam,343794784.0
linear,sigmoid,sigmoid,sigmoid,SGD,343794496.0
linear,sigmoid,sigmoid,sigmoid,Adadelta,343801312.0
sigmoid,relu,relu,relu,RMSprop,343830304.0
sigmoid,relu,relu,relu,adam,343830272.0
sigmoid,relu,relu,relu,SGD,343830272.0
sigmoid,relu,relu,relu,Adadelta,343823776.0
sigmoid,relu,relu,tanh,RMSprop,343794464.0
sigmoid,relu,relu,tanh,adam,343794624.0
sigmoid,relu,relu,tanh,SGD,343794496.0
sigmoid,relu,relu,tanh,Adadelta,343839136.0
sigmoid,relu,relu,softmax,RMSprop,343794464.0
sigmoid,relu,relu,softmax,adam,343794464.0
sigmoid,relu,relu,softmax,SGD,343794464.0
sigmoid,relu,relu,softmax,Adadelta,343794496.0
sigmoid,relu,relu,linear,RMSprop,338184064.0
sigmoid,relu,relu,linear,adam,333868256.0
sigmoid,relu,relu,linear,SGD,2.882496219001651e+16
sigmoid,relu,relu,linear,Adadelta,343813344.0
sigmoid,relu,relu,sigmoid,RMSprop,343794464.0
sigmoid,relu,relu,sigmoid,adam,343794528.0
sigmoid,relu,relu,sigmoid,SGD,343794432.0
sigmoid,relu,relu,sigmoid,Adadelta,343812576.0
sigmoid,relu,linear,relu,RMSprop,334826912.0
sigmoid,relu,linear,relu,adam,322999680.0
sigmoid,relu,linear,relu,SGD,343830272.0
sigmoid,relu,linear,relu,Adadelta,343830272.0
sigmoid,relu,linear,tanh,RMSprop,343794464.0
sigmoid,relu,linear,tanh,adam,343794496.0
sigmoid,relu,linear,tanh,SGD,343794464.0
sigmoid,relu,linear,tanh,Adadelta,343853120.0
sigmoid,relu,linear,softmax,RMSprop,343794496.0
sigmoid,relu,linear,softmax,adam,343794464.0
sigmoid,relu,linear,softmax,SGD,343794464.0
sigmoid,relu,linear,softmax,Adadelta,343794464.0
sigmoid,relu,linear,linear,RMSprop,325757696.0
sigmoid,relu,linear,linear,adam,305668736.0
sigmoid,relu,linear,linear,SGD,4090439342751744.0
sigmoid,relu,linear,linear,Adadelta,343836064.0
sigmoid,relu,linear,sigmoid,RMSprop,343794464.0
sigmoid,relu,linear,sigmoid,adam,343794528.0
sigmoid,relu,linear,sigmoid,SGD,343794496.0
sigmoid,relu,linear,sigmoid,Adadelta,343812448.0
sigmoid,relu,sigmoid,relu,RMSprop,343830272.0
sigmoid,relu,sigmoid,relu,adam,343830304.0
sigmoid,relu,sigmoid,relu,SGD,343830272.0
sigmoid,relu,sigmoid,relu,Adadelta,343828768.0
sigmoid,relu,sigmoid,tanh,RMSprop,343794496.0
sigmoid,relu,sigmoid,tanh,adam,343794688.0
sigmoid,relu,sigmoid,tanh,SGD,343794464.0
sigmoid,relu,sigmoid,tanh,Adadelta,343856832.0
sigmoid,relu,sigmoid,softmax,RMSprop,343794464.0
sigmoid,relu,sigmoid,softmax,adam,343794496.0
sigmoid,relu,sigmoid,softmax,SGD,343794464.0
sigmoid,relu,sigmoid,softmax,Adadelta,343794464.0
sigmoid,relu,sigmoid,linear,RMSprop,343285792.0
sigmoid,relu,sigmoid,linear,adam,343341632.0
sigmoid,relu,sigmoid,linear,SGD,22996246.0
sigmoid,relu,sigmoid,linear,Adadelta,343801728.0
sigmoid,relu,sigmoid,sigmoid,RMSprop,343794528.0
sigmoid,relu,sigmoid,sigmoid,adam,343794752.0
sigmoid,relu,sigmoid,sigmoid,SGD,343794464.0
sigmoid,relu,sigmoid,sigmoid,Adadelta,343808864.0
sigmoid,linear,relu,relu,RMSprop,331350528.0
sigmoid,linear,relu,relu,adam,343830272.0
sigmoid,linear,relu,relu,SGD,343830272.0
sigmoid,linear,relu,relu,Adadelta,343743584.0
sigmoid,linear,relu,tanh,RMSprop,343794496.0
sigmoid,linear,relu,tanh,adam,343794528.0
sigmoid,linear,relu,tanh,SGD,343794464.0
sigmoid,linear,relu,tanh,Adadelta,343834784.0
sigmoid,linear,relu,softmax,RMSprop,343794464.0
sigmoid,linear,relu,softmax,adam,343794464.0
sigmoid,linear,relu,softmax,SGD,343794464.0
sigmoid,linear,relu,softmax,Adadelta,343794464.0
sigmoid,linear,relu,linear,RMSprop,334685248.0
sigmoid,linear,relu,linear,adam,309837696.0
sigmoid,linear,relu,linear,SGD,4.363727145428582e+16
sigmoid,linear,relu,linear,Adadelta,343877376.0
sigmoid,linear,relu,sigmoid,RMSprop,343794496.0
sigmoid,linear,relu,sigmoid,adam,343794528.0
sigmoid,linear,relu,sigmoid,SGD,343794464.0
sigmoid,linear,relu,sigmoid,Adadelta,343811328.0
sigmoid,linear,linear,relu,RMSprop,343830272.0
sigmoid,linear,linear,relu,adam,280981184.0
sigmoid,linear,linear,relu,SGD,343830304.0
sigmoid,linear,linear,relu,Adadelta,343830272.0
sigmoid,linear,linear,tanh,RMSprop,343794464.0
sigmoid,linear,linear,tanh,adam,343794464.0
sigmoid,linear,linear,tanh,SGD,343794464.0
sigmoid,linear,linear,tanh,Adadelta,343844032.0
sigmoid,linear,linear,softmax,RMSprop,343794464.0
sigmoid,linear,linear,softmax,adam,343794496.0
sigmoid,linear,linear,softmax,SGD,343794496.0
sigmoid,linear,linear,softmax,Adadelta,343794464.0
sigmoid,linear,linear,linear,RMSprop,314455552.0
sigmoid,linear,linear,linear,adam,286473696.0
sigmoid,linear,linear,linear,SGD,4619108477829120.0
sigmoid,linear,linear,linear,Adadelta,343821504.0
sigmoid,linear,linear,sigmoid,RMSprop,343794464.0
sigmoid,linear,linear,sigmoid,adam,343794496.0
sigmoid,linear,linear,sigmoid,SGD,343794464.0
sigmoid,linear,linear,sigmoid,Adadelta,343811936.0
sigmoid,linear,sigmoid,relu,RMSprop,343830272.0
sigmoid,linear,sigmoid,relu,adam,343830272.0
sigmoid,linear,sigmoid,relu,SGD,343830272.0
sigmoid,linear,sigmoid,relu,Adadelta,343830272.0
sigmoid,linear,sigmoid,tanh,RMSprop,343794496.0
sigmoid,linear,sigmoid,tanh,adam,343794656.0
sigmoid,linear,sigmoid,tanh,SGD,343794464.0
sigmoid,linear,sigmoid,tanh,Adadelta,343831904.0
sigmoid,linear,sigmoid,softmax,RMSprop,343794464.0
sigmoid,linear,sigmoid,softmax,adam,343794496.0
sigmoid,linear,sigmoid,softmax,SGD,343794496.0
sigmoid,linear,sigmoid,softmax,Adadelta,343794496.0
sigmoid,linear,sigmoid,linear,RMSprop,343406048.0
sigmoid,linear,sigmoid,linear,adam,343297408.0
sigmoid,linear,sigmoid,linear,SGD,23042718.0
sigmoid,linear,sigmoid,linear,Adadelta,343831872.0
sigmoid,linear,sigmoid,sigmoid,RMSprop,343794528.0
sigmoid,linear,sigmoid,sigmoid,adam,343794624.0
sigmoid,linear,sigmoid,sigmoid,SGD,343794496.0
sigmoid,linear,sigmoid,sigmoid,Adadelta,343818304.0
sigmoid,sigmoid,relu,relu,RMSprop,343830272.0
sigmoid,sigmoid,relu,relu,adam,343830304.0
sigmoid,sigmoid,relu,relu,SGD,343830272.0
sigmoid,sigmoid,relu,relu,Adadelta,343812800.0
sigmoid,sigmoid,relu,tanh,RMSprop,343794464.0
sigmoid,sigmoid,relu,tanh,adam,343794624.0
sigmoid,sigmoid,relu,tanh,SGD,343794464.0
sigmoid,sigmoid,relu,tanh,Adadelta,343814560.0
sigmoid,sigmoid,relu,softmax,RMSprop,343794496.0
sigmoid,sigmoid,relu,softmax,adam,343794464.0
sigmoid,sigmoid,relu,softmax,SGD,343794496.0
sigmoid,sigmoid,relu,softmax,Adadelta,343794464.0
sigmoid,sigmoid,relu,linear,RMSprop,341679424.0
sigmoid,sigmoid,relu,linear,adam,340525504.0
sigmoid,sigmoid,relu,linear,SGD,43851751424.0
sigmoid,sigmoid,relu,linear,Adadelta,343836352.0
sigmoid,sigmoid,relu,sigmoid,RMSprop,343794464.0
sigmoid,sigmoid,relu,sigmoid,adam,343794592.0
sigmoid,sigmoid,relu,sigmoid,SGD,343794464.0
sigmoid,sigmoid,relu,sigmoid,Adadelta,343812160.0
sigmoid,sigmoid,linear,relu,RMSprop,343830272.0
sigmoid,sigmoid,linear,relu,adam,343830272.0
sigmoid,sigmoid,linear,relu,SGD,343830272.0
sigmoid,sigmoid,linear,relu,Adadelta,343824064.0
sigmoid,sigmoid,linear,tanh,RMSprop,343794464.0
sigmoid,sigmoid,linear,tanh,adam,343794528.0
sigmoid,sigmoid,linear,tanh,SGD,343842304.0
sigmoid,sigmoid,linear,tanh,Adadelta,343826784.0
sigmoid,sigmoid,linear,softmax,RMSprop,343794464.0
sigmoid,sigmoid,linear,softmax,adam,343794496.0
sigmoid,sigmoid,linear,softmax,SGD,343794464.0
sigmoid,sigmoid,linear,softmax,Adadelta,343794464.0
sigmoid,sigmoid,linear,linear,RMSprop,337925376.0
sigmoid,sigmoid,linear,linear,adam,335075360.0
sigmoid,sigmoid,linear,linear,SGD,72412815360.0
sigmoid,sigmoid,linear,linear,Adadelta,343852992.0
sigmoid,sigmoid,linear,sigmoid,RMSprop,343794464.0
sigmoid,sigmoid,linear,sigmoid,adam,343794528.0
sigmoid,sigmoid,linear,sigmoid,SGD,343817280.0
sigmoid,sigmoid,linear,sigmoid,Adadelta,343815392.0
sigmoid,sigmoid,sigmoid,relu,RMSprop,343830272.0
sigmoid,sigmoid,sigmoid,relu,adam,343830272.0
sigmoid,sigmoid,sigmoid,relu,SGD,343830272.0
sigmoid,sigmoid,sigmoid,relu,Adadelta,343791104.0
sigmoid,sigmoid,sigmoid,tanh,RMSprop,343794464.0
sigmoid,sigmoid,sigmoid,tanh,adam,343794688.0
sigmoid,sigmoid,sigmoid,tanh,SGD,343794464.0
sigmoid,sigmoid,sigmoid,tanh,Adadelta,343837600.0
sigmoid,sigmoid,sigmoid,softmax,RMSprop,343794464.0
sigmoid,sigmoid,sigmoid,softmax,adam,343794464.0
sigmoid,sigmoid,sigmoid,softmax,SGD,343794464.0
sigmoid,sigmoid,sigmoid,softmax,Adadelta,343794464.0
sigmoid,sigmoid,sigmoid,linear,RMSprop,343333280.0
sigmoid,sigmoid,sigmoid,linear,adam,343278432.0
sigmoid,sigmoid,sigmoid,linear,SGD,22982548.0
sigmoid,sigmoid,sigmoid,linear,Adadelta,343794368.0
sigmoid,sigmoid,sigmoid,sigmoid,RMSprop,343794528.0
sigmoid,sigmoid,sigmoid,sigmoid,adam,343794752.0
sigmoid,sigmoid,sigmoid,sigmoid,SGD,343794464.0
sigmoid,sigmoid,sigmoid,sigmoid,Adadelta,343820000.0
